Mazda,8000,sedan,167,2,Petrol,yes,2007,6,front
BMW,0.00E+00,crossover,36,3,Diesel,yes,2013,X5,full
Lexus,85999,crossover,39,5.7,Gas,yes,2013,LX 570,full
Mercedes-Benz,2400,sedan,3,3,Diesel,yes,1998,E-Class,front
Toyota,195000,crossover,0,4.5,Diesel,yes,2016,Land Cruiser 200,full
Audi,4600,vagon,242,99.99,Diesel,no,2004,A6,front
Mitsubishi,18900,crossover,127,3,Gas,yes,2008,Pajero Wagon,full
Mercedes-Benz,114999,crossover,0,2.99,Diesel,yes,2016,GLS 350,full
Mercedes-Benz,1.03E+05,crossover,0,3,Diesel,yes,2016,GLE-Class,full
Mercedes-Benz,0,crossover,1,3,Petrol,yes,2015,GLE-Class,full
Toyota,20800,crossover,107,4,Petrol,yes,2006,Land Cruiser Prado,full
BMW,24500,crossover,170,4.8,Gas,yes,2007,X5,full
Toyota,12300,sedan,157,2.4,Gas,yes,2007,Camry,front
Mercedes-Benz,20500,sedan,173,1.8,Gas,yes,2011,E-Class,rear
BMW,11500,sedan,193,4.4,Petrol,yes,2000,740,rear
Mercedes-Benz,13200,van,182,2.2,Diesel,yes,2011,Vito груз.,rear
BMW,29900,crossover,235,3,Diesel,yes,2009,X5,full
Mercedes-Benz,12500,van,167,2.2,Diesel,yes,2013,Vito груз.,rear
Skoda,13999,sedan,88,1.8,Petrol,yes,2012,Octavia A5,front
Ford,15500,crossover,68,2.5,Gas,yes,2010,Kuga,full