Mitsubishi,7999,sedan,112,2,Petrol,yes,2008,Lancer X,front
Land Rover,4.35E+04,crossover,54,5,Petrol,yes,2012,Range Rover Sport,full
Mercedes-Benz,107777,crossover,0,3,Diesel,yes,2016,GLS 350,full
Mitsubishi,8400,sedan,91,1.5,Petrol,yes,2009,Lancer X,front
Land Rover,40000,vagon,52,2.2,Diesel,yes,2013,Range Rover Evoque,full
Mercedes-Benz,109999,crossover,0,2.98,Diesel,yes,2016,GLS 350,full
Opel,2780,sedan,254,2.2,Diesel,yes,2003,Vectra C,front
Mercedes-Benz,43500,other,51,3,Diesel,yes,2014,E-Class,rear
Volkswagen,1.87E+04,other,145,2,Diesel,yes,2011,T5 (Transporter) груз,front
Chevrolet,7800,sedan,85,1.6,Gas,yes,2012,Lacetti,front
BMW,6350,crossover,156,4.4,Gas,no,2002,X5,full
Daewoo,3500,sedan,112,NA,Petrol,yes,2007,Lanos,front
BMW,25500,other,163,4.8,Petrol,yes,2008,X5,full
Land Rover,53500,crossover,69,3.5,Diesel,yes,2012,Range Rover Sport,full
Nissan,15999,crossover,59,2,Petrol,yes,2011,Qashqai,full
Nissan,17700,crossover,40,1.6,Petrol,yes,2014,Qashqai,
Volkswagen,14499,van,164,2,Diesel,yes,2013,T5 (Transporter) груз,front
Daewoo,4300,sedan,70,1.5,Petrol,yes,2007,Lanos,front
Mitsubishi,18999,crossover,173,3.8,Gas,yes,2008,Pajero Wagon,full
Land Rover,0,crossover,45,3,Petrol,yes,2014,Range Rover Sport,full