Mercedes-Benz,71999,crossover,0,2.2,Diesel,yes,2016,GLE-Class,full
Mercedes-Benz,0.00E+00,crossover,0,3,Diesel,yes,2016,GLS 350,full
Mitsubishi,18500,crossover,135,3,Gas,yes,2009,Pajero Wagon,full
Volkswagen,18900,other,45,2,Diesel,yes,2013,Passat B7,front
Mercedes-Benz,17900,van,167,2.2,Diesel,yes,2012,Vito груз.,
BMW,67500,crossover,1,2,Diesel,yes,2016,X5,full
BMW,67500,crossover,1,2.5,Diesel,yes,2016,X5,full
Land Rover,28999,crossover,139,3.6,Diesel,yes,2008,Range Rover Sport,full
Land Rover,5.00E+04,crossover,43,5,Petrol,yes,2012,Range Rover Sport,full
Toyota,14700,sedan,139,3.5,Petrol,yes,2008,Camry,front
Land Rover,53500,crossover,57,3,Diesel,yes,2013,Range Rover Sport,full
Daewoo,5600,sedan,145,1.6,Petrol,yes,2008,Lanos,front
Land Rover,78900,crossover,0,3,Diesel,yes,2015,Range Rover Sport,full
Skoda,13200,hatch,64,1.8,Petrol,yes,2012,Octavia A5,front
BMW,37200,other,115,3,Diesel,yes,2011,X5,full
Land Rover,27500,other,174,3.6,Diesel,yes,2008,Range Rover,full
Mazda,9200,sedan,124,2,Petrol,yes,2007,3,front
Mercedes-Benz,17500,van,220,3,Diesel,yes,2012,Vito груз.,rear
Toyota,24000,sedan,16,2.5,Petrol,yes,2013,Camry,front
Land Rover,77777,crossover,42,2.99,Diesel,yes,2014,Range Rover Sport,full