Mercedes-Benz,29500,sedan,37,1.8,Petrol,yes,2012,E-Class,
Opel,3.55E+03,vagon,231,2,Diesel,no,2005,Vectra C,front
Volkswagen,0,van,162,2,Diesel,yes,2011,T5 (Transporter) груз,front
Toyota,99999,crossover,0,4.5,Petrol,yes,2016,Land Cruiser 200,full
Mercedes-Benz,107999,crossover,0,2.98,Diesel,yes,2016,GLS 350,full
BMW,0,crossover,1,3,Diesel,yes,2014,X6,full
BMW,0,crossover,0,3,Diesel,yes,2015,X6,full
Toyota,74999,crossover,1,4.5,Diesel,yes,2016,Land Cruiser 200,full
Audi,3.40E+04,crossover,118,2,Diesel,yes,2013,Q5,full
BMW,2850,sedan,214,1.9,Petrol,no,2000,318,rear
Volkswagen,3250,sedan,255,1.9,Diesel,no,2003,Passat B5,front
Volkswagen,16900,crossover,133,2.5,Diesel,yes,2007,Touareg,full
Toyota,99999,crossover,0,4.5,Diesel,yes,2016,Land Cruiser 200,full
Chevrolet,6800,sedan,106,1.6,Petrol,yes,2007,Lacetti,front
Toyota,23400,crossover,120,4,Petrol,yes,2007,Land Cruiser Prado,full
Skoda,17900,sedan,65,1.8,Petrol,yes,2013,Superb,front
Toyota,37700,crossover,62,3,Diesel,yes,2013,Land Cruiser Prado,full
Land Rover,29500,crossover,50,3.5,Diesel,yes,2008,Range Rover Sport,full
Mercedes-Benz,93555,crossover,0,NA,Other,yes,2016,GLS 350,
Volkswagen,30000,sedan,67,2,Diesel,yes,2013,Passat B7,front