Ford,15500,crossover,68,2.5,Gas,yes,2010,Kuga,full
Mercedes-Benz,20500,sedan,173,1.8,Gas,yes,2011,E-Class,rear
Mercedes-Benz,35000,other,135,5.5,Petrol,yes,2008,CL 550,rear
Mercedes-Benz,17800,van,162,1.8,Diesel,yes,2012,B 180,front
Nissan,16600,crossover,83,2,Petrol,yes,2013,X-Trail,full
Honda,6500,sedan,199,2,Petrol,yes,2003,Accord,front
Renault,10500,vagon,185,1.5,Diesel,yes,2011,Megane,front
Mercedes-Benz,21500,sedan,146,1.8,Gas,yes,2012,E-Class,rear
Mercedes-Benz,22700,sedan,125,2.2,Diesel,yes,2010,E-Class,rear
Nissan,20447.154,crossover,0,1.2,Petrol,yes,2016,Qashqai,front
Mercedes-Benz,20400,sedan,190,1.8,Gas,yes,2011,E-Class,rear
Mercedes-Benz,22500,sedan,164,1.8,Gas,yes,2012,E-Class,rear
BMW,4700,sedan,200,NA,Petrol,yes,1996,316,rear
Mercedes-Benz,21500,sedan,159,1.8,Gas,yes,2012,E-Class,rear
BMW,19999,sedan,290,4.8,Petrol,yes,2006,750,rear
BMW,129222,sedan,2,5,Petrol,yes,2016,750,full
Mercedes-Benz,99999,crossover,0,3,Petrol,yes,2016,GLE-Class,full
Nissan,16600,crossover,83,2,Petrol,yes,2013,X-Trail,full