<?xml version="1.0" encoding="UTF-8" standalone="yes"?>
<template encoding-version="1.3">
    <description></description>
    <groupId>aeda62a4-0189-1000-dfe5-8fa8b021e4b5</groupId>
    <name>GetFileAndPutDatabase</name>
    <snippet>
        <connections>
            <id>99545d7e-3c47-354e-0000-000000000000</id>
            <parentGroupId>b40daf90-6807-37d0-0000-000000000000</parentGroupId>
            <backPressureDataSizeThreshold>1 GB</backPressureDataSizeThreshold>
            <backPressureObjectThreshold>10000</backPressureObjectThreshold>
            <destination>
                <groupId>b40daf90-6807-37d0-0000-000000000000</groupId>
                <id>3128ccca-0989-3153-0000-000000000000</id>
                <type>PROCESSOR</type>
            </destination>
            <flowFileExpiration>0 sec</flowFileExpiration>
            <labelIndex>1</labelIndex>
            <loadBalanceCompression>DO_NOT_COMPRESS</loadBalanceCompression>
            <loadBalancePartitionAttribute></loadBalancePartitionAttribute>
            <loadBalanceStatus>LOAD_BALANCE_NOT_CONFIGURED</loadBalanceStatus>
            <loadBalanceStrategy>DO_NOT_LOAD_BALANCE</loadBalanceStrategy>
            <name></name>
            <selectedRelationships>success</selectedRelationships>
            <source>
                <groupId>b40daf90-6807-37d0-0000-000000000000</groupId>
                <id>897cb3f1-b993-3fd6-0000-000000000000</id>
                <type>PROCESSOR</type>
            </source>
            <zIndex>0</zIndex>
        </connections>
        <connections>
            <id>c5fef101-1acc-3d96-0000-000000000000</id>
            <parentGroupId>b40daf90-6807-37d0-0000-000000000000</parentGroupId>
            <backPressureDataSizeThreshold>1 GB</backPressureDataSizeThreshold>
            <backPressureObjectThreshold>10000</backPressureObjectThreshold>
            <destination>
                <groupId>b40daf90-6807-37d0-0000-000000000000</groupId>
                <id>12e30eef-5f96-318b-0000-000000000000</id>
                <type>PROCESSOR</type>
            </destination>
            <flowFileExpiration>0 sec</flowFileExpiration>
            <labelIndex>1</labelIndex>
            <loadBalanceCompression>DO_NOT_COMPRESS</loadBalanceCompression>
            <loadBalancePartitionAttribute></loadBalancePartitionAttribute>
            <loadBalanceStatus>LOAD_BALANCE_NOT_CONFIGURED</loadBalanceStatus>
            <loadBalanceStrategy>DO_NOT_LOAD_BALANCE</loadBalanceStrategy>
            <name></name>
            <selectedRelationships>success</selectedRelationships>
            <source>
                <groupId>b40daf90-6807-37d0-0000-000000000000</groupId>
                <id>3128ccca-0989-3153-0000-000000000000</id>
                <type>PROCESSOR</type>
            </source>
            <zIndex>0</zIndex>
        </connections>
        <controllerServices>
            <id>50044989-76f9-3f77-0000-000000000000</id>
            <parentGroupId>b40daf90-6807-37d0-0000-000000000000</parentGroupId>
            <bulletinLevel>WARN</bulletinLevel>
            <bundle>
                <artifact>nifi-record-serialization-services-nar</artifact>
                <group>org.apache.nifi</group>
                <version>1.22.0</version>
            </bundle>
            <comments></comments>
            <descriptors>
                <entry>
                    <key>schema-access-strategy</key>
                    <value>
                        <name>schema-access-strategy</name>
                    </value>
                </entry>
                <entry>
                    <key>schema-registry</key>
                    <value>
                        <dependencies>
                            <dependentValues>confluent-encoded</dependentValues>
                            <dependentValues>schema-name</dependentValues>
                            <dependentValues>hwx-schema-ref-attributes</dependentValues>
                            <dependentValues>hwx-content-encoded-schema</dependentValues>
                            <propertyName>schema-access-strategy</propertyName>
                        </dependencies>
                        <identifiesControllerService>org.apache.nifi.schemaregistry.services.SchemaRegistry</identifiesControllerService>
                        <name>schema-registry</name>
                    </value>
                </entry>
                <entry>
                    <key>schema-name</key>
                    <value>
                        <dependencies>
                            <dependentValues>schema-name</dependentValues>
                            <propertyName>schema-access-strategy</propertyName>
                        </dependencies>
                        <name>schema-name</name>
                    </value>
                </entry>
                <entry>
                    <key>schema-version</key>
                    <value>
                        <dependencies>
                            <dependentValues>schema-name</dependentValues>
                            <propertyName>schema-access-strategy</propertyName>
                        </dependencies>
                        <name>schema-version</name>
                    </value>
                </entry>
                <entry>
                    <key>schema-branch</key>
                    <value>
                        <dependencies>
                            <dependentValues>schema-name</dependentValues>
                            <propertyName>schema-access-strategy</propertyName>
                        </dependencies>
                        <name>schema-branch</name>
                    </value>
                </entry>
                <entry>
                    <key>schema-text</key>
                    <value>
                        <dependencies>
                            <dependentValues>schema-text-property</dependentValues>
                            <propertyName>schema-access-strategy</propertyName>
                        </dependencies>
                        <name>schema-text</name>
                    </value>
                </entry>
                <entry>
                    <key>csv-reader-csv-parser</key>
                    <value>
                        <name>csv-reader-csv-parser</name>
                    </value>
                </entry>
                <entry>
                    <key>Date Format</key>
                    <value>
                        <name>Date Format</name>
                    </value>
                </entry>
                <entry>
                    <key>Time Format</key>
                    <value>
                        <name>Time Format</name>
                    </value>
                </entry>
                <entry>
                    <key>Timestamp Format</key>
                    <value>
                        <name>Timestamp Format</name>
                    </value>
                </entry>
                <entry>
                    <key>CSV Format</key>
                    <value>
                        <name>CSV Format</name>
                    </value>
                </entry>
                <entry>
                    <key>Value Separator</key>
                    <value>
                        <dependencies>
                            <dependentValues>custom</dependentValues>
                            <propertyName>CSV Format</propertyName>
                        </dependencies>
                        <name>Value Separator</name>
                    </value>
                </entry>
                <entry>
                    <key>Record Separator</key>
                    <value>
                        <dependencies>
                            <dependentValues>custom</dependentValues>
                            <propertyName>CSV Format</propertyName>
                        </dependencies>
                        <name>Record Separator</name>
                    </value>
                </entry>
                <entry>
                    <key>Skip Header Line</key>
                    <value>
                        <name>Skip Header Line</name>
                    </value>
                </entry>
                <entry>
                    <key>ignore-csv-header</key>
                    <value>
                        <name>ignore-csv-header</name>
                    </value>
                </entry>
                <entry>
                    <key>Quote Character</key>
                    <value>
                        <dependencies>
                            <dependentValues>custom</dependentValues>
                            <propertyName>CSV Format</propertyName>
                        </dependencies>
                        <name>Quote Character</name>
                    </value>
                </entry>
                <entry>
                    <key>Escape Character</key>
                    <value>
                        <dependencies>
                            <dependentValues>custom</dependentValues>
                            <propertyName>CSV Format</propertyName>
                        </dependencies>
                        <name>Escape Character</name>
                    </value>
                </entry>
                <entry>
                    <key>Comment Marker</key>
                    <value>
                        <dependencies>
                            <dependentValues>custom</dependentValues>
                            <propertyName>CSV Format</propertyName>
                        </dependencies>
                        <name>Comment Marker</name>
                    </value>
                </entry>
                <entry>
                    <key>Null String</key>
                    <value>
                        <dependencies>
                            <dependentValues>custom</dependentValues>
                            <propertyName>CSV Format</propertyName>
                        </dependencies>
                        <name>Null String</name>
                    </value>
                </entry>
                <entry>
                    <key>Trim Fields</key>
                    <value>
                        <dependencies>
                            <dependentValues>custom</dependentValues>
                            <propertyName>CSV Format</propertyName>
                        </dependencies>
                        <name>Trim Fields</name>
                    </value>
                </entry>
                <entry>
                    <key>csvutils-character-set</key>
                    <value>
                        <name>csvutils-character-set</name>
                    </value>
                </entry>
                <entry>
                    <key>csvutils-allow-duplicate-header-names</key>
                    <value>
                        <dependencies>
                            <dependentValues>custom</dependentValues>
                            <propertyName>CSV Format</propertyName>
                        </dependencies>
                        <name>csvutils-allow-duplicate-header-names</name>
                    </value>
                </entry>
                <entry>
                    <key>Trim double quote</key>
                    <value>
                        <dependencies>
                            <dependentValues>rfc-4180</dependentValues>
                            <propertyName>CSV Format</propertyName>
                        </dependencies>
                        <name>Trim double quote</name>
                    </value>
                </entry>
            </descriptors>
            <name>CSVReader</name>
            <persistsState>false</persistsState>
            <properties>
                <entry>
                    <key>schema-access-strategy</key>
                    <value>schema-text-property</value>
                </entry>
                <entry>
                    <key>schema-registry</key>
                </entry>
                <entry>
                    <key>schema-name</key>
                    <value>${schema.name}</value>
                </entry>
                <entry>
                    <key>schema-version</key>
                </entry>
                <entry>
                    <key>schema-branch</key>
                </entry>
                <entry>
                    <key>schema-text</key>
                    <value>{
  "type": "record",
  "name": "cars",
  "fields": [
    {"name": "brand", "type": ["null", "string"]},
    {"name": "price", "type": ["null", "double"]},
    {"name": "body", "type": ["null", "string"]},
    {"name": "mileage", "type": ["null", "int"]},
    {"name": "engv", "type": ["null", "double"]},
    {"name": "engtype", "type": ["null", "string"]},
    {"name": "registration", "type": ["null", "string"]},
    {"name": "year", "type": ["null", "int"]},
    {"name": "model", "type": ["null", "string"]},
    {"name": "drive", "type": ["null", "string"]}
  ]
}
</value>
                </entry>
                <entry>
                    <key>csv-reader-csv-parser</key>
                    <value>commons-csv</value>
                </entry>
                <entry>
                    <key>Date Format</key>
                </entry>
                <entry>
                    <key>Time Format</key>
                </entry>
                <entry>
                    <key>Timestamp Format</key>
                </entry>
                <entry>
                    <key>CSV Format</key>
                    <value>custom</value>
                </entry>
                <entry>
                    <key>Value Separator</key>
                    <value>,</value>
                </entry>
                <entry>
                    <key>Record Separator</key>
                    <value>\n</value>
                </entry>
                <entry>
                    <key>Skip Header Line</key>
                    <value>false</value>
                </entry>
                <entry>
                    <key>ignore-csv-header</key>
                    <value>false</value>
                </entry>
                <entry>
                    <key>Quote Character</key>
                    <value>"</value>
                </entry>
                <entry>
                    <key>Escape Character</key>
                    <value>\</value>
                </entry>
                <entry>
                    <key>Comment Marker</key>
                </entry>
                <entry>
                    <key>Null String</key>
                </entry>
                <entry>
                    <key>Trim Fields</key>
                    <value>true</value>
                </entry>
                <entry>
                    <key>csvutils-character-set</key>
                    <value>UTF-8</value>
                </entry>
                <entry>
                    <key>csvutils-allow-duplicate-header-names</key>
                    <value>true</value>
                </entry>
                <entry>
                    <key>Trim double quote</key>
                    <value>true</value>
                </entry>
            </properties>
            <state>ENABLED</state>
            <type>org.apache.nifi.csv.CSVReader</type>
        </controllerServices>
        <controllerServices>
            <id>bc604b31-682b-3861-0000-000000000000</id>
            <parentGroupId>b40daf90-6807-37d0-0000-000000000000</parentGroupId>
            <bulletinLevel>WARN</bulletinLevel>
            <bundle>
                <artifact>nifi-dbcp-service-nar</artifact>
                <group>org.apache.nifi</group>
                <version>1.22.0</version>
            </bundle>
            <comments></comments>
            <descriptors>
                <entry>
                    <key>Database Connection URL</key>
                    <value>
                        <name>Database Connection URL</name>
                    </value>
                </entry>
                <entry>
                    <key>Database Driver Class Name</key>
                    <value>
                        <name>Database Driver Class Name</name>
                    </value>
                </entry>
                <entry>
                    <key>database-driver-locations</key>
                    <value>
                        <name>database-driver-locations</name>
                    </value>
                </entry>
                <entry>
                    <key>kerberos-user-service</key>
                    <value>
                        <identifiesControllerService>org.apache.nifi.kerberos.KerberosUserService</identifiesControllerService>
                        <name>kerberos-user-service</name>
                    </value>
                </entry>
                <entry>
                    <key>kerberos-credentials-service</key>
                    <value>
                        <identifiesControllerService>org.apache.nifi.kerberos.KerberosCredentialsService</identifiesControllerService>
                        <name>kerberos-credentials-service</name>
                    </value>
                </entry>
                <entry>
                    <key>kerberos-principal</key>
                    <value>
                        <name>kerberos-principal</name>
                    </value>
                </entry>
                <entry>
                    <key>kerberos-password</key>
                    <value>
                        <name>kerberos-password</name>
                    </value>
                </entry>
                <entry>
                    <key>Database User</key>
                    <value>
                        <name>Database User</name>
                    </value>
                </entry>
                <entry>
                    <key>Password</key>
                    <value>
                        <name>Password</name>
                    </value>
                </entry>
                <entry>
                    <key>Max Wait Time</key>
                    <value>
                        <name>Max Wait Time</name>
                    </value>
                </entry>
                <entry>
                    <key>Max Total Connections</key>
                    <value>
                        <name>Max Total Connections</name>
                    </value>
                </entry>
                <entry>
                    <key>Validation-query</key>
                    <value>
                        <name>Validation-query</name>
                    </value>
                </entry>
                <entry>
                    <key>dbcp-min-idle-conns</key>
                    <value>
                        <name>dbcp-min-idle-conns</name>
                    </value>
                </entry>
                <entry>
                    <key>dbcp-max-idle-conns</key>
                    <value>
                        <name>dbcp-max-idle-conns</name>
                    </value>
                </entry>
                <entry>
                    <key>dbcp-max-conn-lifetime</key>
                    <value>
                        <name>dbcp-max-conn-lifetime</name>
                    </value>
                </entry>
                <entry>
                    <key>dbcp-time-between-eviction-runs</key>
                    <value>
                        <name>dbcp-time-between-eviction-runs</name>
                    </value>
                </entry>
                <entry>
                    <key>dbcp-min-evictable-idle-time</key>
                    <value>
                        <name>dbcp-min-evictable-idle-time</name>
                    </value>
                </entry>
                <entry>
                    <key>dbcp-soft-min-evictable-idle-time</key>
                    <value>
                        <name>dbcp-soft-min-evictable-idle-time</name>
                    </value>
                </entry>
            </descriptors>
            <name>DBCPConnectionPool</name>
            <persistsState>false</persistsState>
            <properties>
                <entry>
                    <key>Database Connection URL</key>
                    <value>jdbc:postgresql://localhost:5432/cars_db</value>
                </entry>
                <entry>
                    <key>Database Driver Class Name</key>
                    <value>org.postgresql.Driver</value>
                </entry>
                <entry>
                    <key>database-driver-locations</key>
                    <value>/Users/loonycorn/Downloads/postgresql-42.6.0.jar</value>
                </entry>
                <entry>
                    <key>kerberos-user-service</key>
                </entry>
                <entry>
                    <key>kerberos-credentials-service</key>
                </entry>
                <entry>
                    <key>kerberos-principal</key>
                </entry>
                <entry>
                    <key>kerberos-password</key>
                </entry>
                <entry>
                    <key>Database User</key>
                </entry>
                <entry>
                    <key>Password</key>
                </entry>
                <entry>
                    <key>Max Wait Time</key>
                    <value>500 millis</value>
                </entry>
                <entry>
                    <key>Max Total Connections</key>
                    <value>8</value>
                </entry>
                <entry>
                    <key>Validation-query</key>
                </entry>
                <entry>
                    <key>dbcp-min-idle-conns</key>
                    <value>0</value>
                </entry>
                <entry>
                    <key>dbcp-max-idle-conns</key>
                    <value>8</value>
                </entry>
                <entry>
                    <key>dbcp-max-conn-lifetime</key>
                    <value>-1</value>
                </entry>
                <entry>
                    <key>dbcp-time-between-eviction-runs</key>
                    <value>-1</value>
                </entry>
                <entry>
                    <key>dbcp-min-evictable-idle-time</key>
                    <value>30 mins</value>
                </entry>
                <entry>
                    <key>dbcp-soft-min-evictable-idle-time</key>
                    <value>-1</value>
                </entry>
            </properties>
            <state>ENABLED</state>
            <type>org.apache.nifi.dbcp.DBCPConnectionPool</type>
        </controllerServices>
        <processors>
            <id>12e30eef-5f96-318b-0000-000000000000</id>
            <parentGroupId>b40daf90-6807-37d0-0000-000000000000</parentGroupId>
            <position>
                <x>624.0</x>
                <y>456.0</y>
            </position>
            <bundle>
                <artifact>nifi-standard-nar</artifact>
                <group>org.apache.nifi</group>
                <version>1.22.0</version>
            </bundle>
            <config>
                <backoffMechanism>PENALIZE_FLOWFILE</backoffMechanism>
                <bulletinLevel>WARN</bulletinLevel>
                <comments></comments>
                <concurrentlySchedulableTaskCount>1</concurrentlySchedulableTaskCount>
                <descriptors>
                    <entry>
                        <key>put-db-record-record-reader</key>
                        <value>
                            <identifiesControllerService>org.apache.nifi.serialization.RecordReaderFactory</identifiesControllerService>
                            <name>put-db-record-record-reader</name>
                        </value>
                    </entry>
                    <entry>
                        <key>db-type</key>
                        <value>
                            <name>db-type</name>
                        </value>
                    </entry>
                    <entry>
                        <key>put-db-record-statement-type</key>
                        <value>
                            <name>put-db-record-statement-type</name>
                        </value>
                    </entry>
                    <entry>
                        <key>Statement Type Record Path</key>
                        <value>
                            <dependencies>
<dependentValues>Use Record Path</dependentValues>
<propertyName>put-db-record-statement-type</propertyName>
                            </dependencies>
                            <name>Statement Type Record Path</name>
                        </value>
                    </entry>
                    <entry>
                        <key>Data Record Path</key>
                        <value>
                            <name>Data Record Path</name>
                        </value>
                    </entry>
                    <entry>
                        <key>put-db-record-dcbp-service</key>
                        <value>
                            <identifiesControllerService>org.apache.nifi.dbcp.DBCPService</identifiesControllerService>
                            <name>put-db-record-dcbp-service</name>
                        </value>
                    </entry>
                    <entry>
                        <key>put-db-record-catalog-name</key>
                        <value>
                            <name>put-db-record-catalog-name</name>
                        </value>
                    </entry>
                    <entry>
                        <key>put-db-record-schema-name</key>
                        <value>
                            <name>put-db-record-schema-name</name>
                        </value>
                    </entry>
                    <entry>
                        <key>put-db-record-table-name</key>
                        <value>
                            <name>put-db-record-table-name</name>
                        </value>
                    </entry>
                    <entry>
                        <key>put-db-record-translate-field-names</key>
                        <value>
                            <name>put-db-record-translate-field-names</name>
                        </value>
                    </entry>
                    <entry>
                        <key>put-db-record-unmatched-field-behavior</key>
                        <value>
                            <name>put-db-record-unmatched-field-behavior</name>
                        </value>
                    </entry>
                    <entry>
                        <key>put-db-record-unmatched-column-behavior</key>
                        <value>
                            <name>put-db-record-unmatched-column-behavior</name>
                        </value>
                    </entry>
                    <entry>
                        <key>put-db-record-update-keys</key>
                        <value>
                            <dependencies>
<dependentValues>Use statement.type Attribute</dependentValues>
<dependentValues>Use Record Path</dependentValues>
<dependentValues>UPSERT</dependentValues>
<dependentValues>UPDATE</dependentValues>
<dependentValues>SQL</dependentValues>
<propertyName>put-db-record-statement-type</propertyName>
                            </dependencies>
                            <name>put-db-record-update-keys</name>
                        </value>
                    </entry>
                    <entry>
                        <key>put-db-record-field-containing-sql</key>
                        <value>
                            <dependencies>
<dependentValues>Use statement.type Attribute</dependentValues>
<dependentValues>Use Record Path</dependentValues>
<propertyName>put-db-record-statement-type</propertyName>
                            </dependencies>
                            <name>put-db-record-field-containing-sql</name>
                        </value>
                    </entry>
                    <entry>
                        <key>put-db-record-allow-multiple-statements</key>
                        <value>
                            <dependencies>
<dependentValues>Use statement.type Attribute</dependentValues>
<dependentValues>Use Record Path</dependentValues>
<propertyName>put-db-record-statement-type</propertyName>
                            </dependencies>
                            <name>put-db-record-allow-multiple-statements</name>
                        </value>
                    </entry>
                    <entry>
                        <key>put-db-record-quoted-identifiers</key>
                        <value>
                            <name>put-db-record-quoted-identifiers</name>
                        </value>
                    </entry>
                    <entry>
                        <key>put-db-record-quoted-table-identifiers</key>
                        <value>
                            <name>put-db-record-quoted-table-identifiers</name>
                        </value>
                    </entry>
                    <entry>
                        <key>put-db-record-query-timeout</key>
                        <value>
                            <name>put-db-record-query-timeout</name>
                        </value>
                    </entry>
                    <entry>
                        <key>rollback-on-failure</key>
                        <value>
                            <name>rollback-on-failure</name>
                        </value>
                    </entry>
                    <entry>
                        <key>table-schema-cache-size</key>
                        <value>
                            <name>table-schema-cache-size</name>
                        </value>
                    </entry>
                    <entry>
                        <key>put-db-record-max-batch-size</key>
                        <value>
                            <name>put-db-record-max-batch-size</name>
                        </value>
                    </entry>
                </descriptors>
                <executionNode>ALL</executionNode>
                <lossTolerant>false</lossTolerant>
                <maxBackoffPeriod>10 mins</maxBackoffPeriod>
                <penaltyDuration>30 sec</penaltyDuration>
                <properties>
                    <entry>
                        <key>put-db-record-record-reader</key>
                        <value>50044989-76f9-3f77-0000-000000000000</value>
                    </entry>
                    <entry>
                        <key>db-type</key>
                        <value>PostgreSQL</value>
                    </entry>
                    <entry>
                        <key>put-db-record-statement-type</key>
                        <value>INSERT</value>
                    </entry>
                    <entry>
                        <key>Statement Type Record Path</key>
                    </entry>
                    <entry>
                        <key>Data Record Path</key>
                    </entry>
                    <entry>
                        <key>put-db-record-dcbp-service</key>
                        <value>bc604b31-682b-3861-0000-000000000000</value>
                    </entry>
                    <entry>
                        <key>put-db-record-catalog-name</key>
                    </entry>
                    <entry>
                        <key>put-db-record-schema-name</key>
                    </entry>
                    <entry>
                        <key>put-db-record-table-name</key>
                        <value>cars</value>
                    </entry>
                    <entry>
                        <key>put-db-record-translate-field-names</key>
                        <value>true</value>
                    </entry>
                    <entry>
                        <key>put-db-record-unmatched-field-behavior</key>
                        <value>Ignore Unmatched Fields</value>
                    </entry>
                    <entry>
                        <key>put-db-record-unmatched-column-behavior</key>
                        <value>Fail on Unmatched Columns</value>
                    </entry>
                    <entry>
                        <key>put-db-record-update-keys</key>
                    </entry>
                    <entry>
                        <key>put-db-record-field-containing-sql</key>
                    </entry>
                    <entry>
                        <key>put-db-record-allow-multiple-statements</key>
                        <value>false</value>
                    </entry>
                    <entry>
                        <key>put-db-record-quoted-identifiers</key>
                        <value>false</value>
                    </entry>
                    <entry>
                        <key>put-db-record-quoted-table-identifiers</key>
                        <value>false</value>
                    </entry>
                    <entry>
                        <key>put-db-record-query-timeout</key>
                        <value>0 seconds</value>
                    </entry>
                    <entry>
                        <key>rollback-on-failure</key>
                        <value>false</value>
                    </entry>
                    <entry>
                        <key>table-schema-cache-size</key>
                        <value>100</value>
                    </entry>
                    <entry>
                        <key>put-db-record-max-batch-size</key>
                        <value>1000</value>
                    </entry>
                </properties>
                <retryCount>10</retryCount>
                <runDurationMillis>0</runDurationMillis>
                <schedulingPeriod>0 sec</schedulingPeriod>
                <schedulingStrategy>TIMER_DRIVEN</schedulingStrategy>
                <yieldDuration>1 sec</yieldDuration>
            </config>
            <executionNodeRestricted>false</executionNodeRestricted>
            <name>PutDatabaseRecord</name>
            <relationships>
                <autoTerminate>true</autoTerminate>
                <name>failure</name>
                <retry>false</retry>
            </relationships>
            <relationships>
                <autoTerminate>true</autoTerminate>
                <name>retry</name>
                <retry>false</retry>
            </relationships>
            <relationships>
                <autoTerminate>true</autoTerminate>
                <name>success</name>
                <retry>false</retry>
            </relationships>
            <state>RUNNING</state>
            <style/>
            <type>org.apache.nifi.processors.standard.PutDatabaseRecord</type>
        </processors>
        <processors>
            <id>3128ccca-0989-3153-0000-000000000000</id>
            <parentGroupId>b40daf90-6807-37d0-0000-000000000000</parentGroupId>
            <position>
                <x>320.0</x>
                <y>216.0</y>
            </position>
            <bundle>
                <artifact>nifi-standard-nar</artifact>
                <group>org.apache.nifi</group>
                <version>1.22.0</version>
            </bundle>
            <config>
                <backoffMechanism>PENALIZE_FLOWFILE</backoffMechanism>
                <bulletinLevel>WARN</bulletinLevel>
                <comments></comments>
                <concurrentlySchedulableTaskCount>1</concurrentlySchedulableTaskCount>
                <descriptors>
                    <entry>
                        <key>Replacement Strategy</key>
                        <value>
                            <name>Replacement Strategy</name>
                        </value>
                    </entry>
                    <entry>
                        <key>Regular Expression</key>
                        <value>
                            <dependencies>
<dependentValues>Regex Replace</dependentValues>
<dependentValues>Literal Replace</dependentValues>
<propertyName>Replacement Strategy</propertyName>
                            </dependencies>
                            <name>Regular Expression</name>
                        </value>
                    </entry>
                    <entry>
                        <key>Replacement Value</key>
                        <value>
                            <dependencies>
<dependentValues>Prepend</dependentValues>
<dependentValues>Regex Replace</dependentValues>
<dependentValues>Always Replace</dependentValues>
<dependentValues>Append</dependentValues>
<dependentValues>Literal Replace</dependentValues>
<propertyName>Replacement Strategy</propertyName>
                            </dependencies>
                            <name>Replacement Value</name>
                        </value>
                    </entry>
                    <entry>
                        <key>Text to Prepend</key>
                        <value>
                            <dependencies>
<dependentValues>Surround</dependentValues>
<propertyName>Replacement Strategy</propertyName>
                            </dependencies>
                            <name>Text to Prepend</name>
                        </value>
                    </entry>
                    <entry>
                        <key>Text to Append</key>
                        <value>
                            <dependencies>
<dependentValues>Surround</dependentValues>
<propertyName>Replacement Strategy</propertyName>
                            </dependencies>
                            <name>Text to Append</name>
                        </value>
                    </entry>
                    <entry>
                        <key>Character Set</key>
                        <value>
                            <name>Character Set</name>
                        </value>
                    </entry>
                    <entry>
                        <key>Maximum Buffer Size</key>
                        <value>
                            <name>Maximum Buffer Size</name>
                        </value>
                    </entry>
                    <entry>
                        <key>Evaluation Mode</key>
                        <value>
                            <name>Evaluation Mode</name>
                        </value>
                    </entry>
                    <entry>
                        <key>Line-by-Line Evaluation Mode</key>
                        <value>
                            <name>Line-by-Line Evaluation Mode</name>
                        </value>
                    </entry>
                </descriptors>
                <executionNode>ALL</executionNode>
                <lossTolerant>false</lossTolerant>
                <maxBackoffPeriod>10 mins</maxBackoffPeriod>
                <penaltyDuration>30 sec</penaltyDuration>
                <properties>
                    <entry>
                        <key>Replacement Strategy</key>
                        <value>Literal Replace</value>
                    </entry>
                    <entry>
                        <key>Regular Expression</key>
                        <value>NA</value>
                    </entry>
                    <entry>
                        <key>Replacement Value</key>
                        <value></value>
                    </entry>
                    <entry>
                        <key>Text to Prepend</key>
                    </entry>
                    <entry>
                        <key>Text to Append</key>
                    </entry>
                    <entry>
                        <key>Character Set</key>
                        <value>UTF-8</value>
                    </entry>
                    <entry>
                        <key>Maximum Buffer Size</key>
                        <value>1 MB</value>
                    </entry>
                    <entry>
                        <key>Evaluation Mode</key>
                        <value>Entire text</value>
                    </entry>
                    <entry>
                        <key>Line-by-Line Evaluation Mode</key>
                        <value>All</value>
                    </entry>
                </properties>
                <retryCount>10</retryCount>
                <runDurationMillis>25</runDurationMillis>
                <schedulingPeriod>20 sec</schedulingPeriod>
                <schedulingStrategy>TIMER_DRIVEN</schedulingStrategy>
                <yieldDuration>1 sec</yieldDuration>
            </config>
            <executionNodeRestricted>false</executionNodeRestricted>
            <name>ReplaceText</name>
            <relationships>
                <autoTerminate>true</autoTerminate>
                <name>failure</name>
                <retry>false</retry>
            </relationships>
            <relationships>
                <autoTerminate>false</autoTerminate>
                <name>success</name>
                <retry>false</retry>
            </relationships>
            <state>RUNNING</state>
            <style/>
            <type>org.apache.nifi.processors.standard.ReplaceText</type>
        </processors>
        <processors>
            <id>897cb3f1-b993-3fd6-0000-000000000000</id>
            <parentGroupId>b40daf90-6807-37d0-0000-000000000000</parentGroupId>
            <position>
                <x>0.0</x>
                <y>0.0</y>
            </position>
            <bundle>
                <artifact>nifi-standard-nar</artifact>
                <group>org.apache.nifi</group>
                <version>1.22.0</version>
            </bundle>
            <config>
                <backoffMechanism>PENALIZE_FLOWFILE</backoffMechanism>
                <bulletinLevel>WARN</bulletinLevel>
                <comments></comments>
                <concurrentlySchedulableTaskCount>1</concurrentlySchedulableTaskCount>
                <descriptors>
                    <entry>
                        <key>Input Directory</key>
                        <value>
                            <name>Input Directory</name>
                        </value>
                    </entry>
                    <entry>
                        <key>File Filter</key>
                        <value>
                            <name>File Filter</name>
                        </value>
                    </entry>
                    <entry>
                        <key>Path Filter</key>
                        <value>
                            <name>Path Filter</name>
                        </value>
                    </entry>
                    <entry>
                        <key>Batch Size</key>
                        <value>
                            <name>Batch Size</name>
                        </value>
                    </entry>
                    <entry>
                        <key>Keep Source File</key>
                        <value>
                            <name>Keep Source File</name>
                        </value>
                    </entry>
                    <entry>
                        <key>Recurse Subdirectories</key>
                        <value>
                            <name>Recurse Subdirectories</name>
                        </value>
                    </entry>
                    <entry>
                        <key>Polling Interval</key>
                        <value>
                            <name>Polling Interval</name>
                        </value>
                    </entry>
                    <entry>
                        <key>Ignore Hidden Files</key>
                        <value>
                            <name>Ignore Hidden Files</name>
                        </value>
                    </entry>
                    <entry>
                        <key>Minimum File Age</key>
                        <value>
                            <name>Minimum File Age</name>
                        </value>
                    </entry>
                    <entry>
                        <key>Maximum File Age</key>
                        <value>
                            <name>Maximum File Age</name>
                        </value>
                    </entry>
                    <entry>
                        <key>Minimum File Size</key>
                        <value>
                            <name>Minimum File Size</name>
                        </value>
                    </entry>
                    <entry>
                        <key>Maximum File Size</key>
                        <value>
                            <name>Maximum File Size</name>
                        </value>
                    </entry>
                </descriptors>
                <executionNode>ALL</executionNode>
                <lossTolerant>false</lossTolerant>
                <maxBackoffPeriod>10 mins</maxBackoffPeriod>
                <penaltyDuration>30 sec</penaltyDuration>
                <properties>
                    <entry>
                        <key>Input Directory</key>
                        <value>/Users/loonycorn/tools/datasets</value>
                    </entry>
                    <entry>
                        <key>File Filter</key>
                        <value>car_ad_[0-9]{2}\.csv</value>
                    </entry>
                    <entry>
                        <key>Path Filter</key>
                    </entry>
                    <entry>
                        <key>Batch Size</key>
                        <value>10</value>
                    </entry>
                    <entry>
                        <key>Keep Source File</key>
                        <value>false</value>
                    </entry>
                    <entry>
                        <key>Recurse Subdirectories</key>
                        <value>true</value>
                    </entry>
                    <entry>
                        <key>Polling Interval</key>
                        <value>0 sec</value>
                    </entry>
                    <entry>
                        <key>Ignore Hidden Files</key>
                        <value>true</value>
                    </entry>
                    <entry>
                        <key>Minimum File Age</key>
                        <value>0 sec</value>
                    </entry>
                    <entry>
                        <key>Maximum File Age</key>
                    </entry>
                    <entry>
                        <key>Minimum File Size</key>
                        <value>0 B</value>
                    </entry>
                    <entry>
                        <key>Maximum File Size</key>
                    </entry>
                </properties>
                <retryCount>10</retryCount>
                <runDurationMillis>0</runDurationMillis>
                <schedulingPeriod>5 sec</schedulingPeriod>
                <schedulingStrategy>TIMER_DRIVEN</schedulingStrategy>
                <yieldDuration>1 sec</yieldDuration>
            </config>
            <executionNodeRestricted>false</executionNodeRestricted>
            <name>GetFile</name>
            <relationships>
                <autoTerminate>false</autoTerminate>
                <name>success</name>
                <retry>false</retry>
            </relationships>
            <state>RUNNING</state>
            <style/>
            <type>org.apache.nifi.processors.standard.GetFile</type>
        </processors>
    </snippet>
    <timestamp>08/01/2023 12:41:22 IST</timestamp>
</template>
