<?xml version="1.0" encoding="UTF-8" standalone="yes"?>
<template encoding-version="1.3">
    <description>First simple flow that generates a file at random and saves it to a file on the local file system on a schedule</description>
    <groupId>aeda62a4-0189-1000-dfe5-8fa8b021e4b5</groupId>
    <name>SimpleNiFiFlow</name>
    <snippet>
        <connections>
            <id>75288f04-96a5-3300-0000-000000000000</id>
            <parentGroupId>b40daf90-6807-37d0-0000-000000000000</parentGroupId>
            <backPressureDataSizeThreshold>1 GB</backPressureDataSizeThreshold>
            <backPressureObjectThreshold>10000</backPressureObjectThreshold>
            <destination>
                <groupId>b40daf90-6807-37d0-0000-000000000000</groupId>
                <id>f6220788-f541-3784-0000-000000000000</id>
                <type>PROCESSOR</type>
            </destination>
            <flowFileExpiration>0 sec</flowFileExpiration>
            <labelIndex>1</labelIndex>
            <loadBalanceCompression>DO_NOT_COMPRESS</loadBalanceCompression>
            <loadBalancePartitionAttribute></loadBalancePartitionAttribute>
            <loadBalanceStatus>LOAD_BALANCE_NOT_CONFIGURED</loadBalanceStatus>
            <loadBalanceStrategy>DO_NOT_LOAD_BALANCE</loadBalanceStrategy>
            <name>TransferGeneratedFile</name>
            <selectedRelationships>success</selectedRelationships>
            <source>
                <groupId>b40daf90-6807-37d0-0000-000000000000</groupId>
                <id>e6bab7cd-0f0e-388d-0000-000000000000</id>
                <type>PROCESSOR</type>
            </source>
            <zIndex>0</zIndex>
        </connections>
        <processors>
            <id>e6bab7cd-0f0e-388d-0000-000000000000</id>
            <parentGroupId>b40daf90-6807-37d0-0000-000000000000</parentGroupId>
            <position>
                <x>0.0</x>
                <y>0.0</y>
            </position>
            <bundle>
                <artifact>nifi-standard-nar</artifact>
                <group>org.apache.nifi</group>
                <version>1.22.0</version>
            </bundle>
            <config>
                <backoffMechanism>PENALIZE_FLOWFILE</backoffMechanism>
                <bulletinLevel>WARN</bulletinLevel>
                <comments>Generating random text</comments>
                <concurrentlySchedulableTaskCount>1</concurrentlySchedulableTaskCount>
                <descriptors>
                    <entry>
                        <key>File Size</key>
                        <value>
                            <name>File Size</name>
                        </value>
                    </entry>
                    <entry>
                        <key>Batch Size</key>
                        <value>
                            <name>Batch Size</name>
                        </value>
                    </entry>
                    <entry>
                        <key>Data Format</key>
                        <value>
                            <name>Data Format</name>
                        </value>
                    </entry>
                    <entry>
                        <key>Unique FlowFiles</key>
                        <value>
                            <name>Unique FlowFiles</name>
                        </value>
                    </entry>
                    <entry>
                        <key>generate-ff-custom-text</key>
                        <value>
                            <name>generate-ff-custom-text</name>
                        </value>
                    </entry>
                    <entry>
                        <key>character-set</key>
                        <value>
                            <name>character-set</name>
                        </value>
                    </entry>
                    <entry>
                        <key>mime-type</key>
                        <value>
                            <name>mime-type</name>
                        </value>
                    </entry>
                </descriptors>
                <executionNode>ALL</executionNode>
                <lossTolerant>false</lossTolerant>
                <maxBackoffPeriod>10 mins</maxBackoffPeriod>
                <penaltyDuration>30 sec</penaltyDuration>
                <properties>
                    <entry>
                        <key>File Size</key>
                        <value>100B</value>
                    </entry>
                    <entry>
                        <key>Batch Size</key>
                        <value>1</value>
                    </entry>
                    <entry>
                        <key>Data Format</key>
                        <value>Text</value>
                    </entry>
                    <entry>
                        <key>Unique FlowFiles</key>
                        <value>false</value>
                    </entry>
                    <entry>
                        <key>generate-ff-custom-text</key>
                        <value>Put simply, NiFi was built to automate the flow of data between systems. While the term 'dataflow' is used in a variety of contexts, we use it here to mean the automated and managed flow of information between systems. This problem space has been around ever since enterprises had more than one system, where some of the systems created data and some of the systems consumed data. The problems and solution patterns that emerged have been discussed and articulated extensively. A comprehensive and readily consumed form is found in the Enterprise Integration Patterns [eip].
</value>
                    </entry>
                    <entry>
                        <key>character-set</key>
                        <value>UTF-8</value>
                    </entry>
                    <entry>
                        <key>mime-type</key>
                    </entry>
                </properties>
                <retryCount>10</retryCount>
                <runDurationMillis>0</runDurationMillis>
                <schedulingPeriod>1 min</schedulingPeriod>
                <schedulingStrategy>TIMER_DRIVEN</schedulingStrategy>
                <yieldDuration>1 sec</yieldDuration>
            </config>
            <executionNodeRestricted>false</executionNodeRestricted>
            <name>GenerateFlowFile</name>
            <relationships>
                <autoTerminate>false</autoTerminate>
                <name>success</name>
                <retry>false</retry>
            </relationships>
            <state>STOPPED</state>
            <style/>
            <type>org.apache.nifi.processors.standard.GenerateFlowFile</type>
        </processors>
        <processors>
            <id>f6220788-f541-3784-0000-000000000000</id>
            <parentGroupId>b40daf90-6807-37d0-0000-000000000000</parentGroupId>
            <position>
                <x>632.0</x>
                <y>216.0</y>
            </position>
            <bundle>
                <artifact>nifi-standard-nar</artifact>
                <group>org.apache.nifi</group>
                <version>1.22.0</version>
            </bundle>
            <config>
                <backoffMechanism>PENALIZE_FLOWFILE</backoffMechanism>
                <bulletinLevel>WARN</bulletinLevel>
                <comments>Writing files to the local file system</comments>
                <concurrentlySchedulableTaskCount>1</concurrentlySchedulableTaskCount>
                <descriptors>
                    <entry>
                        <key>Directory</key>
                        <value>
                            <name>Directory</name>
                        </value>
                    </entry>
                    <entry>
                        <key>Conflict Resolution Strategy</key>
                        <value>
                            <name>Conflict Resolution Strategy</name>
                        </value>
                    </entry>
                    <entry>
                        <key>Create Missing Directories</key>
                        <value>
                            <name>Create Missing Directories</name>
                        </value>
                    </entry>
                    <entry>
                        <key>Maximum File Count</key>
                        <value>
                            <name>Maximum File Count</name>
                        </value>
                    </entry>
                    <entry>
                        <key>Last Modified Time</key>
                        <value>
                            <name>Last Modified Time</name>
                        </value>
                    </entry>
                    <entry>
                        <key>Permissions</key>
                        <value>
                            <name>Permissions</name>
                        </value>
                    </entry>
                    <entry>
                        <key>Owner</key>
                        <value>
                            <name>Owner</name>
                        </value>
                    </entry>
                    <entry>
                        <key>Group</key>
                        <value>
                            <name>Group</name>
                        </value>
                    </entry>
                </descriptors>
                <executionNode>ALL</executionNode>
                <lossTolerant>false</lossTolerant>
                <maxBackoffPeriod>10 mins</maxBackoffPeriod>
                <penaltyDuration>30 sec</penaltyDuration>
                <properties>
                    <entry>
                        <key>Directory</key>
                        <value>/Users/loonycorn/tools/output_files</value>
                    </entry>
                    <entry>
                        <key>Conflict Resolution Strategy</key>
                        <value>fail</value>
                    </entry>
                    <entry>
                        <key>Create Missing Directories</key>
                        <value>true</value>
                    </entry>
                    <entry>
                        <key>Maximum File Count</key>
                    </entry>
                    <entry>
                        <key>Last Modified Time</key>
                    </entry>
                    <entry>
                        <key>Permissions</key>
                    </entry>
                    <entry>
                        <key>Owner</key>
                    </entry>
                    <entry>
                        <key>Group</key>
                    </entry>
                </properties>
                <retryCount>10</retryCount>
                <runDurationMillis>0</runDurationMillis>
                <schedulingPeriod>0 sec</schedulingPeriod>
                <schedulingStrategy>TIMER_DRIVEN</schedulingStrategy>
                <yieldDuration>1 sec</yieldDuration>
            </config>
            <executionNodeRestricted>false</executionNodeRestricted>
            <name>PutFile</name>
            <relationships>
                <autoTerminate>true</autoTerminate>
                <name>failure</name>
                <retry>false</retry>
            </relationships>
            <relationships>
                <autoTerminate>true</autoTerminate>
                <name>success</name>
                <retry>false</retry>
            </relationships>
            <state>STOPPED</state>
            <style/>
            <type>org.apache.nifi.processors.standard.PutFile</type>
        </processors>
    </snippet>
    <timestamp>08/01/2023 07:49:56 IST</timestamp>
</template>
