<?xml version="1.0" encoding="UTF-8" standalone="yes"?>
<template encoding-version="1.3">
    <description>Converts the database output from the Avro to the CSV format and updates the filename attribute</description>
    <groupId>aeda62a4-0189-1000-dfe5-8fa8b021e4b5</groupId>
    <name>ConvertDBOutputToCSVAndUpdateFilename</name>
    <snippet>
        <connections>
            <id>5ed7078d-6c25-3164-0000-000000000000</id>
            <parentGroupId>b40daf90-6807-37d0-0000-000000000000</parentGroupId>
            <backPressureDataSizeThreshold>1 GB</backPressureDataSizeThreshold>
            <backPressureObjectThreshold>10000</backPressureObjectThreshold>
            <destination>
                <groupId>b40daf90-6807-37d0-0000-000000000000</groupId>
                <id>3b0d2a4a-c989-3c9b-0000-000000000000</id>
                <type>PROCESSOR</type>
            </destination>
            <flowFileExpiration>0 sec</flowFileExpiration>
            <labelIndex>1</labelIndex>
            <loadBalanceCompression>DO_NOT_COMPRESS</loadBalanceCompression>
            <loadBalancePartitionAttribute></loadBalancePartitionAttribute>
            <loadBalanceStatus>LOAD_BALANCE_NOT_CONFIGURED</loadBalanceStatus>
            <loadBalanceStrategy>DO_NOT_LOAD_BALANCE</loadBalanceStrategy>
            <name></name>
            <selectedRelationships>success</selectedRelationships>
            <source>
                <groupId>b40daf90-6807-37d0-0000-000000000000</groupId>
                <id>bc6542ce-887d-3774-0000-000000000000</id>
                <type>PROCESSOR</type>
            </source>
            <zIndex>0</zIndex>
        </connections>
        <connections>
            <id>cdfdf563-9303-38d6-0000-000000000000</id>
            <parentGroupId>b40daf90-6807-37d0-0000-000000000000</parentGroupId>
            <backPressureDataSizeThreshold>1 GB</backPressureDataSizeThreshold>
            <backPressureObjectThreshold>10000</backPressureObjectThreshold>
            <destination>
                <groupId>b40daf90-6807-37d0-0000-000000000000</groupId>
                <id>1847ba0b-a92c-31de-0000-000000000000</id>
                <type>PROCESSOR</type>
            </destination>
            <flowFileExpiration>0 sec</flowFileExpiration>
            <labelIndex>1</labelIndex>
            <loadBalanceCompression>DO_NOT_COMPRESS</loadBalanceCompression>
            <loadBalancePartitionAttribute></loadBalancePartitionAttribute>
            <loadBalanceStatus>LOAD_BALANCE_NOT_CONFIGURED</loadBalanceStatus>
            <loadBalanceStrategy>DO_NOT_LOAD_BALANCE</loadBalanceStrategy>
            <name></name>
            <selectedRelationships>success</selectedRelationships>
            <source>
                <groupId>b40daf90-6807-37d0-0000-000000000000</groupId>
                <id>3b0d2a4a-c989-3c9b-0000-000000000000</id>
                <type>PROCESSOR</type>
            </source>
            <zIndex>0</zIndex>
        </connections>
        <controllerServices>
            <id>6e9b132e-7499-37d3-0000-000000000000</id>
            <parentGroupId>b40daf90-6807-37d0-0000-000000000000</parentGroupId>
            <bulletinLevel>WARN</bulletinLevel>
            <bundle>
                <artifact>nifi-record-serialization-services-nar</artifact>
                <group>org.apache.nifi</group>
                <version>1.22.0</version>
            </bundle>
            <comments></comments>
            <descriptors>
                <entry>
                    <key>schema-access-strategy</key>
                    <value>
                        <name>schema-access-strategy</name>
                    </value>
                </entry>
                <entry>
                    <key>schema-registry</key>
                    <value>
                        <dependencies>
                            <dependentValues>confluent-encoded</dependentValues>
                            <dependentValues>schema-name</dependentValues>
                            <dependentValues>hwx-schema-ref-attributes</dependentValues>
                            <dependentValues>hwx-content-encoded-schema</dependentValues>
                            <propertyName>schema-access-strategy</propertyName>
                        </dependencies>
                        <identifiesControllerService>org.apache.nifi.schemaregistry.services.SchemaRegistry</identifiesControllerService>
                        <name>schema-registry</name>
                    </value>
                </entry>
                <entry>
                    <key>schema-name</key>
                    <value>
                        <dependencies>
                            <dependentValues>schema-name</dependentValues>
                            <propertyName>schema-access-strategy</propertyName>
                        </dependencies>
                        <name>schema-name</name>
                    </value>
                </entry>
                <entry>
                    <key>schema-version</key>
                    <value>
                        <dependencies>
                            <dependentValues>schema-name</dependentValues>
                            <propertyName>schema-access-strategy</propertyName>
                        </dependencies>
                        <name>schema-version</name>
                    </value>
                </entry>
                <entry>
                    <key>schema-branch</key>
                    <value>
                        <dependencies>
                            <dependentValues>schema-name</dependentValues>
                            <propertyName>schema-access-strategy</propertyName>
                        </dependencies>
                        <name>schema-branch</name>
                    </value>
                </entry>
                <entry>
                    <key>schema-text</key>
                    <value>
                        <dependencies>
                            <dependentValues>schema-text-property</dependentValues>
                            <propertyName>schema-access-strategy</propertyName>
                        </dependencies>
                        <name>schema-text</name>
                    </value>
                </entry>
                <entry>
                    <key>schema-inference-cache</key>
                    <value>
                        <dependencies>
                            <dependentValues>infer-schema</dependentValues>
                            <propertyName>schema-access-strategy</propertyName>
                        </dependencies>
                        <identifiesControllerService>org.apache.nifi.serialization.RecordSchemaCacheService</identifiesControllerService>
                        <name>schema-inference-cache</name>
                    </value>
                </entry>
                <entry>
                    <key>starting-field-strategy</key>
                    <value>
                        <name>starting-field-strategy</name>
                    </value>
                </entry>
                <entry>
                    <key>starting-field-name</key>
                    <value>
                        <dependencies>
                            <dependentValues>NESTED_FIELD</dependentValues>
                            <propertyName>starting-field-strategy</propertyName>
                        </dependencies>
                        <name>starting-field-name</name>
                    </value>
                </entry>
                <entry>
                    <key>schema-application-strategy</key>
                    <value>
                        <dependencies>
                            <dependentValues>confluent-encoded</dependentValues>
                            <dependentValues>schema-name</dependentValues>
                            <dependentValues>schema-text-property</dependentValues>
                            <dependentValues>hwx-schema-ref-attributes</dependentValues>
                            <dependentValues>hwx-content-encoded-schema</dependentValues>
                            <propertyName>schema-access-strategy</propertyName>
                        </dependencies>
                        <dependencies>
                            <dependentValues>NESTED_FIELD</dependentValues>
                            <propertyName>starting-field-strategy</propertyName>
                        </dependencies>
                        <name>schema-application-strategy</name>
                    </value>
                </entry>
                <entry>
                    <key>Date Format</key>
                    <value>
                        <name>Date Format</name>
                    </value>
                </entry>
                <entry>
                    <key>Time Format</key>
                    <value>
                        <name>Time Format</name>
                    </value>
                </entry>
                <entry>
                    <key>Timestamp Format</key>
                    <value>
                        <name>Timestamp Format</name>
                    </value>
                </entry>
            </descriptors>
            <name>JsonTreeReader</name>
            <persistsState>false</persistsState>
            <properties>
                <entry>
                    <key>schema-access-strategy</key>
                    <value>infer-schema</value>
                </entry>
                <entry>
                    <key>schema-registry</key>
                </entry>
                <entry>
                    <key>schema-name</key>
                    <value>${schema.name}</value>
                </entry>
                <entry>
                    <key>schema-version</key>
                </entry>
                <entry>
                    <key>schema-branch</key>
                </entry>
                <entry>
                    <key>schema-text</key>
                    <value>${avro.schema}</value>
                </entry>
                <entry>
                    <key>schema-inference-cache</key>
                </entry>
                <entry>
                    <key>starting-field-strategy</key>
                    <value>ROOT_NODE</value>
                </entry>
                <entry>
                    <key>starting-field-name</key>
                </entry>
                <entry>
                    <key>schema-application-strategy</key>
                    <value>SELECTED_PART</value>
                </entry>
                <entry>
                    <key>Date Format</key>
                </entry>
                <entry>
                    <key>Time Format</key>
                </entry>
                <entry>
                    <key>Timestamp Format</key>
                </entry>
            </properties>
            <state>ENABLED</state>
            <type>org.apache.nifi.json.JsonTreeReader</type>
        </controllerServices>
        <controllerServices>
            <id>d4c7d4ef-8a40-3226-0000-000000000000</id>
            <parentGroupId>b40daf90-6807-37d0-0000-000000000000</parentGroupId>
            <bulletinLevel>WARN</bulletinLevel>
            <bundle>
                <artifact>nifi-record-serialization-services-nar</artifact>
                <group>org.apache.nifi</group>
                <version>1.22.0</version>
            </bundle>
            <comments></comments>
            <descriptors>
                <entry>
                    <key>Schema Write Strategy</key>
                    <value>
                        <name>Schema Write Strategy</name>
                    </value>
                </entry>
                <entry>
                    <key>schema-cache</key>
                    <value>
                        <identifiesControllerService>org.apache.nifi.serialization.RecordSchemaCacheService</identifiesControllerService>
                        <name>schema-cache</name>
                    </value>
                </entry>
                <entry>
                    <key>schema-protocol-version</key>
                    <value>
                        <dependencies>
                            <dependentValues>hwx-schema-ref-attributes</dependentValues>
                            <dependentValues>hwx-content-encoded-schema</dependentValues>
                            <propertyName>Schema Write Strategy</propertyName>
                        </dependencies>
                        <name>schema-protocol-version</name>
                    </value>
                </entry>
                <entry>
                    <key>schema-access-strategy</key>
                    <value>
                        <name>schema-access-strategy</name>
                    </value>
                </entry>
                <entry>
                    <key>schema-registry</key>
                    <value>
                        <dependencies>
                            <dependentValues>confluent-encoded</dependentValues>
                            <dependentValues>schema-name</dependentValues>
                            <dependentValues>hwx-schema-ref-attributes</dependentValues>
                            <dependentValues>hwx-content-encoded-schema</dependentValues>
                            <propertyName>schema-access-strategy</propertyName>
                        </dependencies>
                        <identifiesControllerService>org.apache.nifi.schemaregistry.services.SchemaRegistry</identifiesControllerService>
                        <name>schema-registry</name>
                    </value>
                </entry>
                <entry>
                    <key>schema-name</key>
                    <value>
                        <dependencies>
                            <dependentValues>schema-name</dependentValues>
                            <propertyName>schema-access-strategy</propertyName>
                        </dependencies>
                        <name>schema-name</name>
                    </value>
                </entry>
                <entry>
                    <key>schema-version</key>
                    <value>
                        <dependencies>
                            <dependentValues>schema-name</dependentValues>
                            <propertyName>schema-access-strategy</propertyName>
                        </dependencies>
                        <name>schema-version</name>
                    </value>
                </entry>
                <entry>
                    <key>schema-branch</key>
                    <value>
                        <dependencies>
                            <dependentValues>schema-name</dependentValues>
                            <propertyName>schema-access-strategy</propertyName>
                        </dependencies>
                        <name>schema-branch</name>
                    </value>
                </entry>
                <entry>
                    <key>schema-text</key>
                    <value>
                        <dependencies>
                            <dependentValues>schema-text-property</dependentValues>
                            <propertyName>schema-access-strategy</propertyName>
                        </dependencies>
                        <name>schema-text</name>
                    </value>
                </entry>
                <entry>
                    <key>Date Format</key>
                    <value>
                        <name>Date Format</name>
                    </value>
                </entry>
                <entry>
                    <key>Time Format</key>
                    <value>
                        <name>Time Format</name>
                    </value>
                </entry>
                <entry>
                    <key>Timestamp Format</key>
                    <value>
                        <name>Timestamp Format</name>
                    </value>
                </entry>
                <entry>
                    <key>CSV Format</key>
                    <value>
                        <name>CSV Format</name>
                    </value>
                </entry>
                <entry>
                    <key>Value Separator</key>
                    <value>
                        <dependencies>
                            <dependentValues>custom</dependentValues>
                            <propertyName>CSV Format</propertyName>
                        </dependencies>
                        <name>Value Separator</name>
                    </value>
                </entry>
                <entry>
                    <key>Include Header Line</key>
                    <value>
                        <name>Include Header Line</name>
                    </value>
                </entry>
                <entry>
                    <key>Quote Character</key>
                    <value>
                        <dependencies>
                            <dependentValues>custom</dependentValues>
                            <propertyName>CSV Format</propertyName>
                        </dependencies>
                        <name>Quote Character</name>
                    </value>
                </entry>
                <entry>
                    <key>Escape Character</key>
                    <value>
                        <dependencies>
                            <dependentValues>custom</dependentValues>
                            <propertyName>CSV Format</propertyName>
                        </dependencies>
                        <name>Escape Character</name>
                    </value>
                </entry>
                <entry>
                    <key>Comment Marker</key>
                    <value>
                        <dependencies>
                            <dependentValues>custom</dependentValues>
                            <propertyName>CSV Format</propertyName>
                        </dependencies>
                        <name>Comment Marker</name>
                    </value>
                </entry>
                <entry>
                    <key>Null String</key>
                    <value>
                        <dependencies>
                            <dependentValues>custom</dependentValues>
                            <propertyName>CSV Format</propertyName>
                        </dependencies>
                        <name>Null String</name>
                    </value>
                </entry>
                <entry>
                    <key>Trim Fields</key>
                    <value>
                        <dependencies>
                            <dependentValues>custom</dependentValues>
                            <propertyName>CSV Format</propertyName>
                        </dependencies>
                        <name>Trim Fields</name>
                    </value>
                </entry>
                <entry>
                    <key>Quote Mode</key>
                    <value>
                        <dependencies>
                            <dependentValues>custom</dependentValues>
                            <propertyName>CSV Format</propertyName>
                        </dependencies>
                        <name>Quote Mode</name>
                    </value>
                </entry>
                <entry>
                    <key>Record Separator</key>
                    <value>
                        <dependencies>
                            <dependentValues>custom</dependentValues>
                            <propertyName>CSV Format</propertyName>
                        </dependencies>
                        <name>Record Separator</name>
                    </value>
                </entry>
                <entry>
                    <key>Include Trailing Delimiter</key>
                    <value>
                        <dependencies>
                            <dependentValues>custom</dependentValues>
                            <propertyName>CSV Format</propertyName>
                        </dependencies>
                        <name>Include Trailing Delimiter</name>
                    </value>
                </entry>
                <entry>
                    <key>csvutils-character-set</key>
                    <value>
                        <name>csvutils-character-set</name>
                    </value>
                </entry>
            </descriptors>
            <name>CSVRecordSetWriter</name>
            <persistsState>false</persistsState>
            <properties>
                <entry>
                    <key>Schema Write Strategy</key>
                    <value>no-schema</value>
                </entry>
                <entry>
                    <key>schema-cache</key>
                </entry>
                <entry>
                    <key>schema-protocol-version</key>
                    <value>1</value>
                </entry>
                <entry>
                    <key>schema-access-strategy</key>
                    <value>inherit-record-schema</value>
                </entry>
                <entry>
                    <key>schema-registry</key>
                </entry>
                <entry>
                    <key>schema-name</key>
                    <value>${schema.name}</value>
                </entry>
                <entry>
                    <key>schema-version</key>
                </entry>
                <entry>
                    <key>schema-branch</key>
                </entry>
                <entry>
                    <key>schema-text</key>
                    <value>${avro.schema}</value>
                </entry>
                <entry>
                    <key>Date Format</key>
                </entry>
                <entry>
                    <key>Time Format</key>
                </entry>
                <entry>
                    <key>Timestamp Format</key>
                </entry>
                <entry>
                    <key>CSV Format</key>
                    <value>custom</value>
                </entry>
                <entry>
                    <key>Value Separator</key>
                    <value>,</value>
                </entry>
                <entry>
                    <key>Include Header Line</key>
                    <value>true</value>
                </entry>
                <entry>
                    <key>Quote Character</key>
                    <value>"</value>
                </entry>
                <entry>
                    <key>Escape Character</key>
                    <value>\</value>
                </entry>
                <entry>
                    <key>Comment Marker</key>
                </entry>
                <entry>
                    <key>Null String</key>
                </entry>
                <entry>
                    <key>Trim Fields</key>
                    <value>true</value>
                </entry>
                <entry>
                    <key>Quote Mode</key>
                    <value>MINIMAL</value>
                </entry>
                <entry>
                    <key>Record Separator</key>
                    <value>\n</value>
                </entry>
                <entry>
                    <key>Include Trailing Delimiter</key>
                    <value>false</value>
                </entry>
                <entry>
                    <key>csvutils-character-set</key>
                    <value>UTF-8</value>
                </entry>
            </properties>
            <state>ENABLED</state>
            <type>org.apache.nifi.csv.CSVRecordSetWriter</type>
        </controllerServices>
        <processors>
            <id>1847ba0b-a92c-31de-0000-000000000000</id>
            <parentGroupId>b40daf90-6807-37d0-0000-000000000000</parentGroupId>
            <position>
                <x>440.0</x>
                <y>216.0</y>
            </position>
            <bundle>
                <artifact>nifi-update-attribute-nar</artifact>
                <group>org.apache.nifi</group>
                <version>1.22.0</version>
            </bundle>
            <config>
                <backoffMechanism>PENALIZE_FLOWFILE</backoffMechanism>
                <bulletinLevel>WARN</bulletinLevel>
                <comments></comments>
                <concurrentlySchedulableTaskCount>1</concurrentlySchedulableTaskCount>
                <descriptors>
                    <entry>
                        <key>Delete Attributes Expression</key>
                        <value>
                            <name>Delete Attributes Expression</name>
                        </value>
                    </entry>
                    <entry>
                        <key>Store State</key>
                        <value>
                            <name>Store State</name>
                        </value>
                    </entry>
                    <entry>
                        <key>Stateful Variables Initial Value</key>
                        <value>
                            <name>Stateful Variables Initial Value</name>
                        </value>
                    </entry>
                    <entry>
                        <key>canonical-value-lookup-cache-size</key>
                        <value>
                            <name>canonical-value-lookup-cache-size</name>
                        </value>
                    </entry>
                    <entry>
                        <key>filename</key>
                        <value>
                            <name>filename</name>
                        </value>
                    </entry>
                </descriptors>
                <executionNode>ALL</executionNode>
                <lossTolerant>false</lossTolerant>
                <maxBackoffPeriod>10 mins</maxBackoffPeriod>
                <penaltyDuration>30 sec</penaltyDuration>
                <properties>
                    <entry>
                        <key>Delete Attributes Expression</key>
                    </entry>
                    <entry>
                        <key>Store State</key>
                        <value>Do not store state</value>
                    </entry>
                    <entry>
                        <key>Stateful Variables Initial Value</key>
                    </entry>
                    <entry>
                        <key>canonical-value-lookup-cache-size</key>
                        <value>100</value>
                    </entry>
                    <entry>
                        <key>filename</key>
                        <value>grouped_${filename}</value>
                    </entry>
                </properties>
                <retryCount>10</retryCount>
                <runDurationMillis>25</runDurationMillis>
                <schedulingPeriod>0 sec</schedulingPeriod>
                <schedulingStrategy>TIMER_DRIVEN</schedulingStrategy>
                <yieldDuration>1 sec</yieldDuration>
            </config>
            <executionNodeRestricted>false</executionNodeRestricted>
            <name>UpdateAttribute</name>
            <relationships>
                <autoTerminate>false</autoTerminate>
                <name>success</name>
                <retry>false</retry>
            </relationships>
            <state>STOPPED</state>
            <style/>
            <type>org.apache.nifi.processors.attributes.UpdateAttribute</type>
        </processors>
        <processors>
            <id>3b0d2a4a-c989-3c9b-0000-000000000000</id>
            <parentGroupId>b40daf90-6807-37d0-0000-000000000000</parentGroupId>
            <position>
                <x>0.0</x>
                <y>216.0</y>
            </position>
            <bundle>
                <artifact>nifi-standard-nar</artifact>
                <group>org.apache.nifi</group>
                <version>1.22.0</version>
            </bundle>
            <config>
                <backoffMechanism>PENALIZE_FLOWFILE</backoffMechanism>
                <bulletinLevel>WARN</bulletinLevel>
                <comments></comments>
                <concurrentlySchedulableTaskCount>1</concurrentlySchedulableTaskCount>
                <descriptors>
                    <entry>
                        <key>record-reader</key>
                        <value>
                            <identifiesControllerService>org.apache.nifi.serialization.RecordReaderFactory</identifiesControllerService>
                            <name>record-reader</name>
                        </value>
                    </entry>
                    <entry>
                        <key>record-writer</key>
                        <value>
                            <identifiesControllerService>org.apache.nifi.serialization.RecordSetWriterFactory</identifiesControllerService>
                            <name>record-writer</name>
                        </value>
                    </entry>
                    <entry>
                        <key>include-zero-record-flowfiles</key>
                        <value>
                            <name>include-zero-record-flowfiles</name>
                        </value>
                    </entry>
                </descriptors>
                <executionNode>ALL</executionNode>
                <lossTolerant>false</lossTolerant>
                <maxBackoffPeriod>10 mins</maxBackoffPeriod>
                <penaltyDuration>30 sec</penaltyDuration>
                <properties>
                    <entry>
                        <key>record-reader</key>
                        <value>6e9b132e-7499-37d3-0000-000000000000</value>
                    </entry>
                    <entry>
                        <key>record-writer</key>
                        <value>d4c7d4ef-8a40-3226-0000-000000000000</value>
                    </entry>
                    <entry>
                        <key>include-zero-record-flowfiles</key>
                        <value>true</value>
                    </entry>
                </properties>
                <retryCount>10</retryCount>
                <runDurationMillis>0</runDurationMillis>
                <schedulingPeriod>0 sec</schedulingPeriod>
                <schedulingStrategy>TIMER_DRIVEN</schedulingStrategy>
                <yieldDuration>1 sec</yieldDuration>
            </config>
            <executionNodeRestricted>false</executionNodeRestricted>
            <name>ConvertRecord</name>
            <relationships>
                <autoTerminate>true</autoTerminate>
                <name>failure</name>
                <retry>false</retry>
            </relationships>
            <relationships>
                <autoTerminate>false</autoTerminate>
                <name>success</name>
                <retry>false</retry>
            </relationships>
            <state>STOPPED</state>
            <style/>
            <type>org.apache.nifi.processors.standard.ConvertRecord</type>
        </processors>
        <processors>
            <id>bc6542ce-887d-3774-0000-000000000000</id>
            <parentGroupId>b40daf90-6807-37d0-0000-000000000000</parentGroupId>
            <position>
                <x>0.0</x>
                <y>0.0</y>
            </position>
            <bundle>
                <artifact>nifi-avro-nar</artifact>
                <group>org.apache.nifi</group>
                <version>1.22.0</version>
            </bundle>
            <config>
                <backoffMechanism>PENALIZE_FLOWFILE</backoffMechanism>
                <bulletinLevel>WARN</bulletinLevel>
                <comments></comments>
                <concurrentlySchedulableTaskCount>1</concurrentlySchedulableTaskCount>
                <descriptors>
                    <entry>
                        <key>JSON container options</key>
                        <value>
                            <name>JSON container options</name>
                        </value>
                    </entry>
                    <entry>
                        <key>Wrap Single Record</key>
                        <value>
                            <name>Wrap Single Record</name>
                        </value>
                    </entry>
                    <entry>
                        <key>Avro schema</key>
                        <value>
                            <name>Avro schema</name>
                        </value>
                    </entry>
                </descriptors>
                <executionNode>ALL</executionNode>
                <lossTolerant>false</lossTolerant>
                <maxBackoffPeriod>10 mins</maxBackoffPeriod>
                <penaltyDuration>30 sec</penaltyDuration>
                <properties>
                    <entry>
                        <key>JSON container options</key>
                        <value>array</value>
                    </entry>
                    <entry>
                        <key>Wrap Single Record</key>
                        <value>false</value>
                    </entry>
                    <entry>
                        <key>Avro schema</key>
                    </entry>
                </properties>
                <retryCount>10</retryCount>
                <runDurationMillis>0</runDurationMillis>
                <schedulingPeriod>0 sec</schedulingPeriod>
                <schedulingStrategy>TIMER_DRIVEN</schedulingStrategy>
                <yieldDuration>1 sec</yieldDuration>
            </config>
            <executionNodeRestricted>false</executionNodeRestricted>
            <name>ConvertAvroToJSON</name>
            <relationships>
                <autoTerminate>true</autoTerminate>
                <name>failure</name>
                <retry>false</retry>
            </relationships>
            <relationships>
                <autoTerminate>false</autoTerminate>
                <name>success</name>
                <retry>false</retry>
            </relationships>
            <state>STOPPED</state>
            <style/>
            <type>org.apache.nifi.processors.avro.ConvertAvroToJSON</type>
        </processors>
    </snippet>
    <timestamp>08/02/2023 09:45:26 IST</timestamp>
</template>
